{
  "kind": "collectionType",
  "collectionName": "sub_categories",
  "info": {
    "singularName": "sub-category",
    "pluralName": "sub-categories",
    "displayName": "subCategory",
    "description": ""
  },
  "options": {
    "draftAndPublish": true
  },
  "pluginOptions": {},
  "attributes": {
    "title": {
      "type": "string"
    },
    "products": {
      "type": "relation",
      "relation": "manyToMany",
      "target": "api::product.product",
      "inversedBy": "sub_categories"
    },
    "categories": {
      "type": "relation",
      "relation": "manyToMany",
      "target": "api::category.category",
      "inversedBy": "sub_categories"
    }
  }
}
